{
    "n_values": [
        0.75,
        0.8016666666666666,
        0.8533333333333333,
        0.905,
        0.9566666666666667,
        1.0083333333333333,
        1.06,
        1.1116666666666668,
        1.1633333333333333,
        1.2149999999999999,
        1.2666666666666666,
        1.3183333333333334,
        1.37,
        1.4216666666666666,
        1.4733333333333334,
        1.525,
        1.5766666666666667,
        1.6283333333333334,
        1.68,
        1.7316666666666667,
        1.7833333333333332,
        1.835,
        1.8866666666666667,
        1.9383333333333332,
        1.99
    ],
    "Jcs": [
        0.00634324560607518,
        0.03444421301236504,
        0.062122464277921924,
        0.08952891836331209,
        0.1168066264159917,
        0.1440964938162051,
        0.17153728017698472,
        0.19926631459988856,
        0.22742593297663544,
        0.2561613322218934,
        0.28562986859786427,
        0.31600105771428355,
        0.34746801862021703,
        0.38025319584995915,
        0.4146212340263038,
        0.4508997202769256,
        0.48950493344092194,
        0.5309890509474737,
        0.5761181116912086,
        0.6260172129468696,
        0.6824680567560231,
        0.7485998869692727,
        0.8308664561041038,
        0.947097659179453,
        1.2151397467254499
    ],
    "nus": [
        0.12023482041047123,
        0.10210145019956442,
        0.09739065292263045,
        0.09489890339279207,
        0.09331225412950661,
        0.0922069427513404,
        0.09139468642609,
        0.09077623662255122,
        0.0902925841980058,
        0.08990649128992056,
        0.0895922948613963,
        0.08933217947812629,
        0.08911251969236707,
        0.08892294719372522,
        0.08875526811768887,
        0.08860233692977128,
        0.08845805395386157,
        0.0883166287867538,
        0.08817212068146676,
        0.08801749496051865,
        0.08784253970437422,
        0.08762915426705822,
        0.08733679429044572,
        0.08684226247611547,
        0.08532359248854135
    ],
    "alphas": [
        1.8797651795895287,
        1.8978985498004355,
        1.9026093470773695,
        1.905101096607208,
        1.9066877458704934,
        1.9077930572486597,
        1.90860531357391,
        1.9092237633774487,
        1.9097074158019942,
        1.9100935087100794,
        1.9104077051386037,
        1.9106678205218737,
        1.910887480307633,
        1.9110770528062748,
        1.9112447318823111,
        1.9113976630702287,
        1.9115419460461385,
        1.9116833712132462,
        1.9118278793185333,
        1.9119825050394814,
        1.9121574602956257,
        1.9123708457329418,
        1.9126632057095543,
        1.9131577375238846,
        1.9146764075114586
    ],
    "etas": [
        0.6227672182669821,
        0.5858169841868336,
        0.5483841967824161,
        0.5106278665830992,
        0.47272067830169306,
        0.4348420817649947,
        0.39718615839739513,
        0.359975539508414,
        0.3234389223546642,
        0.2878445185655386,
        0.25345512102165846,
        0.2205585661060412,
        0.18941379297496064,
        0.16026606479843042,
        0.13333132280739224,
        0.10876935892451345,
        0.08669823922272868,
        0.06718140811615403,
        0.050232905845362996,
        0.03582243591243883,
        0.023884652297588294,
        0.014341875399858317,
        0.007137846799020187,
        0.0023030888219449652,
        8.568094083161171e-05
    ],
    "deltas": [
        13.355003224626275,
        16.718839578601564,
        18.72396375132241,
        20.636416953770038,
        22.670271387285077,
        24.940480205424663,
        27.547674805269317,
        30.602354011595065,
        34.241725061188625,
        38.64123401952289,
        44.03806909570661,
        50.75375051433505,
        59.2447233022547,
        70.16888547741365,
        84.50330051219521,
        103.76437018152723,
        130.39241885670816,
        168.54210540598376,
        225.7773710895071,
        317.1581541010713,
        476.62431376345256,
        795.6928117562153,
        1604.1151133367343,
        4999.86390417571,
        136787.57189669434
    ]
}